pickup_borough,is_weekend,time_window,trip_count,total_gross_revenue,avg_fare_per_trip,avg_revenue_per_active_min,median_revenue_per_active_min,avg_tip_amount,avg_cc_tip_pct
Bronx,False,Evening Rush (16-20),2687,102308.92,38.08,1.05,0.94,0.14,0.3
Bronx,False,Midday (10-16),7469,274577.48,36.76,1.04,0.93,0.1,0.2
Bronx,False,Morning Rush (07-10),8825,345103.52,39.11,1.26,1.08,0.09,0.2
Bronx,False,Night / Off-Peak,7963,281800.13,35.39,1.51,1.36,0.17,1.3
Bronx,True,Evening Rush (16-20),1233,41495.62,33.65,1.39,1.27,0.11,0.7
Bronx,True,Midday (10-16),2334,80863.42,34.65,1.31,1.21,0.44,2.7
Bronx,True,Morning Rush (07-10),1627,55063.18,33.84,1.42,1.34,0.08,0.2
Bronx,True,Night / Off-Peak,2713,84513.52,31.15,1.75,1.58,0.11,1.1
Brooklyn,False,Evening Rush (16-20),10925,378514.95,34.65,1.27,1.13,0.62,4.5
Brooklyn,False,Midday (10-16),28304,964278.12,34.07,1.21,1.07,0.35,1.4
Brooklyn,False,Morning Rush (07-10),22694,899567.6,39.64,1.44,1.25,0.44,1.3
Brooklyn,False,Night / Off-Peak,34943,1246109.99,35.66,1.7,1.52,0.47,7.1
Brooklyn,True,Evening Rush (16-20),9366,312645.41,33.38,1.52,1.38,0.4,6.4
Brooklyn,True,Midday (10-16),11137,365215.68,32.79,1.46,1.33,0.43,3.3
Brooklyn,True,Morning Rush (07-10),4266,144608.63,33.9,1.51,1.39,0.53,3.9
Brooklyn,True,Night / Off-Peak,22427,743459.14,33.15,1.77,1.58,0.4,13.6
EWR,False,Evening Rush (16-20),4,560.99,140.25,50.12,29.69,20.83,19.5
EWR,False,Midday (10-16),5,704.0,140.8,51.12,68.43,17.39,15.9
EWR,False,Night / Off-Peak,6,529.35,88.23,12.07,6.48,3.98,7.1
EWR,True,Evening Rush (16-20),2,178.71,89.35,3.22,3.22,5.51,10.8
EWR,True,Night / Off-Peak,2,224.23,112.12,3.27,3.27,12.78,14.9
Manhattan,False,Evening Rush (16-20),527594,13637279.0,25.85,2.16,1.92,3.0,28.3
Manhattan,False,Midday (10-16),687550,17353252.81,25.24,1.83,1.66,2.6,25.0
Manhattan,False,Morning Rush (07-10),276368,7229404.06,26.16,2.03,1.81,2.23,24.6
Manhattan,False,Night / Off-Peak,623655,16435878.48,26.35,2.25,1.99,2.1,26.9
Manhattan,True,Evening Rush (16-20),213918,5248506.05,24.54,1.91,1.71,2.1,25.5
Manhattan,True,Midday (10-16),269193,6237721.02,23.17,2.03,1.82,2.22,26.1
Manhattan,True,Morning Rush (07-10),52468,1205957.02,22.98,2.33,2.09,1.97,26.6
Manhattan,True,Night / Off-Peak,326680,8253313.99,25.26,2.2,1.95,1.83,26.2
Queens,False,Evening Rush (16-20),49281,3643970.2,73.94,2.25,2.02,8.88,21.2
Queens,False,Midday (10-16),64384,4300332.76,66.79,2.05,1.81,7.51,19.5
Queens,False,Morning Rush (07-10),27904,1588148.31,56.91,1.79,1.55,4.63,15.7
Queens,False,Night / Off-Peak,81508,4832682.28,59.29,2.53,2.41,6.09,20.0
Queens,True,Evening Rush (16-20),20778,1355118.67,65.22,2.21,2.0,7.46,20.6
Queens,True,Midday (10-16),23353,1440182.4,61.67,2.34,2.07,6.6,20.0
Queens,True,Morning Rush (07-10),7413,379971.9,51.26,2.5,2.26,4.19,17.6
Queens,True,Night / Off-Peak,32030,1792354.56,55.96,2.52,2.38,5.54,20.8
Staten Island,False,Evening Rush (16-20),20,823.28,41.16,1.92,1.75,0.0,
Staten Island,False,Midday (10-16),68,2790.89,41.04,1.53,1.55,0.54,1.3
Staten Island,False,Morning Rush (07-10),162,9602.79,59.28,1.88,1.67,0.4,5.4
Staten Island,False,Night / Off-Peak,119,6175.37,51.89,2.14,2.0,0.3,2.6
Staten Island,True,Evening Rush (16-20),12,412.85,34.4,1.8,1.69,0.0,
Staten Island,True,Midday (10-16),15,698.21,46.55,2.13,2.01,2.69,31.3
Staten Island,True,Morning Rush (07-10),16,729.16,45.57,3.59,1.93,0.06,0.0
Staten Island,True,Night / Off-Peak,30,1562.58,52.09,1.97,1.89,1.48,16.7
